{
    "metadata":{
        "type":"Geometry",
        "normals":158,
        "version":3,
        "vertices":109,
        "generator":"io_three",
        "uvs":0,
        "faces":158
    },
    "vertices":[-22.499,53.5257,-13.3127,-21.4131,53.9418,-12.5384,4.48659,55.0442,-28.8725,3.04448,50.0109,-24.255,21.4753,64.3156,6.27814,0.153533,54.3005,18.841,-2.14378,43.5934,9.6542,-4.53559,-1.11279,0.992712,1.73221,4.66857,3.85128,1.00896,-2.7422,9.71867,2.7558,-1.24607,2.05763,-20.8432,55.6735,-14.2726,-20.5113,55.9995,-13.7392,10.2196,56.4704,-20.2656,9.85837,56.9691,-20.481,10.2312,57.0084,-21.015,4.32718,58.1905,-29.8331,4.38567,58.4473,-29.233,3.7363,58.4968,-29.1943,20.5819,66.6938,7.41431,20.0631,66.9661,7.01315,1.4712,59.5428,25.4544,1.36115,60.1772,25.0024,1.96233,60.1525,24.7502,-6.27587,57.2158,14.6994,-5.86575,57.8053,14.8192,-6.24692,57.9122,15.2974,-20.3831,50.4194,-10.0548,19.8349,58.0685,3.86825,18.1033,59.2056,3.62853,-0.109986,16.7148,9.81389,-21.5508,50.7159,-8.34938,-23.3727,54.3064,-12.6353,-21.7397,48.9194,-10.6435,-21.2085,56.1722,-14.0146,-22.3429,54.6344,-11.7648,6.01063,51.1309,-24.5777,4.90633,51.8179,-22.5112,8.62603,53.7182,-22.8165,7.47486,53.2803,-21.8494,4.88145,53.2236,-23.2234,5.72129,53.2597,-24.8534,10.5924,56.5097,-20.7995,5.01485,52.0806,-26.495,2.8996,52.1522,-23.2965,3.1487,55.1557,-28.8132,4.6119,55.8074,-27.734,3.26827,55.8746,-27.647,3.68114,58.2412,-29.792,4.24617,46.5338,-13.3249,3.88797,49.7839,-11.9457,0.415283,49.6151,-12.5336,4.60978,48.4801,-19.9222,1.58185,50.8516,-19.1098,18.6431,59.5666,1.65069,21.9593,64.9733,5.17897,20.8,67.1002,6.9415,20.1866,64.6639,5.94134,20.6616,65.2135,4.77787,1.64869,56.6233,23.4248,-1.93474,53.9046,18.7655,-1.3539,52.5623,20.1285,0.0184836,57.5613,22.9834,2.15241,59.766,25.2392,-3.85214,53.1774,17.7458,-1.61266,53.9904,16.6418,-6.66564,57.4438,15.1286,-4.39227,56.025,17.2069,-4.59178,39.5151,-0.438249,-2.12255,42.9727,-2.87302,-14.112,43.0826,-4.5779,-3.13561,39.4627,-3.6083,-12.9789,43.0609,-7.2515,-11.5207,45.5739,-6.73221,-12.9025,45.6855,-4.08764,-22.9963,49.2923,-9.02028,-1.46719,39.5327,-4.04021,2.01708,39.3976,-2.94867,2.55006,45.1238,-5.19206,-0.985835,45.1565,-6.12299,0.797027,46.3952,-13.9438,3.5701,41.0314,-2.04148,3.20047,41.0314,1.47022,12.1251,48.3083,-0.865624,1.20909,43.5938,1.4076,1.7508,43.5877,-2.16763,11.7709,48.2865,2.04291,9.87679,50.4948,1.85627,10.2617,50.5588,-1.0218,20.4389,58.5108,1.93077,1.2018,39.9805,2.91362,-2.28516,39.9805,2.83417,-2.52869,42.8737,0.639222,0.748603,43.6368,9.80022,-2.12,45.658,7.49461,-0.070056,50.0675,17.206,0.833377,45.7693,7.76513,-2.26873,49.7736,16.864,-2.32863,52.0737,16.1011,-0.010324,51.5584,15.5947,-4.90746,16.6888,8.86699,0.838034,16.1639,5.03097,0.816357,37.9928,2.63573,-3.95644,16.1442,4.07805,-3.10122,26.9363,1.30225,-2.99994,37.6461,2.02957,-2.22137,36.5879,-1.81091,1.47619,36.2937,-0.763875,-5.94856,-2.84246,8.36603],
    "normals":[0.685731,0.118556,0.718135,-0.265355,0.432027,0.861939,0.000629498,-0.760427,0.649423,-0.135052,0.315434,-0.939288,0.627858,-0.310159,-0.71386,-0.186614,0.982368,0.0113771,0.572232,0.612038,-0.545857,-0.763238,-0.414591,-0.495562,-0.546763,0.468209,0.69414,-0.669015,-0.462039,0.582185,0.746252,0.515326,0.421363,-0.0225722,-0.134127,0.990707,-0.783985,-0.213723,-0.582829,0.221263,-0.586807,-0.77891,0.167146,-0.621936,-0.765021,0.998741,-0.0493995,-0.00868524,-0.158513,0.987311,0.00948897,-0.183256,0.982625,-0.0294272,-0.124503,-0.289032,0.949189,-0.45804,0.86207,-0.216875,-0.0153579,0.829048,0.558967,-0.43578,0.400648,0.805963,0.99283,0.0140609,-0.118701,-0.0833658,-0.288229,-0.953926,-0.982726,-0.0371053,-0.181306,-0.00432573,-0.94336,-0.331741,0.88805,0.229911,0.39813,-0.957377,0.0615457,-0.282207,-0.8949,0.413096,-0.168839,0.922056,-0.323634,0.212305,-0.343612,-0.506792,0.790628,-0.937057,0.104807,-0.333075,-0.197559,0.745066,-0.637061,0.19653,-0.701425,0.685113,-0.125111,0.777592,-0.616196,-0.823906,-0.0930784,0.559031,0.943944,0.0392077,-0.327769,0.406095,-0.504843,0.761722,-0.26338,0.670499,-0.693587,-0.489399,0.0716203,0.869114,0.604878,0.770484,0.201189,-0.703809,-0.645747,-0.29608,-0.574341,0.2304,0.785524,-0.301046,-0.945692,-0.122633,0.345079,-0.00629123,-0.938553,-0.930565,-0.0544399,-0.362058,-0.0527033,-0.0165569,0.998473,0.113323,0.0249057,-0.993246,-0.999891,-0.00348205,-0.0143434,-0.00103811,-0.75512,0.655585,0.0244768,0.80179,-0.597104,0.996205,0.0422997,0.0760729,-0.980003,0.024785,-0.197435,0.0855429,-0.254538,-0.963272,0.234851,-0.317721,-0.918639,0.966411,0.094809,0.238873,0.979743,0.0564939,0.192123,-0.977971,0.0572784,-0.200728,-0.563781,0.056356,-0.823999,-0.241428,-0.155604,-0.957862,-0.671831,0.401838,0.622229,-0.75939,-0.415362,-0.500801,0.624386,-0.170221,-0.762343,0.740894,0.520138,0.424892,0.527356,0.146534,0.836913,-0.507786,0.573257,-0.643063,0.643349,-0.306517,-0.701534,0.248341,-0.810519,-0.530459,-0.812121,0.217239,0.541542,-0.802932,-0.572717,-0.165214,0.1495,0.693466,0.704808,0.0465121,0.916805,-0.396618,-0.0797538,0.773825,0.628359,0.605803,0.641826,0.470172,0.872392,-0.428454,0.235284,0.0322089,-0.978607,-0.203203,0.414341,0.638783,-0.648288,0.443352,-0.804287,0.395679,0.8985,0.0659092,-0.433997,-0.508141,0.808622,0.296519,0.598618,-0.702818,0.384323,0.576819,-0.0273414,-0.816414,-0.475853,-0.0187064,0.879326,-0.490267,0.836261,-0.245573,0.560894,0.169996,-0.810247,-0.137131,-0.648008,-0.749187,0.956721,0.00672108,-0.290929,0.0672833,0.757215,0.649691,-0.999213,0.0175702,-0.0355524,0.0836041,0.496377,0.864072,-0.0668175,-0.294453,-0.953327,0.993935,0.0242742,-0.107256,-0.984849,0.173404,0.00175519,0.995977,0.0251156,0.0860223,0.0882027,-0.956702,-0.277383,-0.0910975,0.98027,0.175419,-0.30715,-0.270421,0.912431,-0.959629,-0.123782,-0.252568,0.283124,-0.867589,-0.408816,0.0380884,0.950831,0.30736,0.921604,-0.324282,0.213278,0.341317,0.357849,-0.869164,-0.894437,0.413724,-0.16975,0.880333,0.103198,0.462994,0.414964,0.0529378,-0.908297,0.325704,0.702178,-0.633137,-0.680326,-0.339013,0.64979,0.933773,0.0849567,-0.347635,-0.913201,0.018202,0.407103,-0.118249,-0.571634,0.811943,-0.422978,0.705249,-0.568959,-0.898579,0.140323,0.415771,0.941884,0.0414927,-0.333366,0.602339,0.788675,0.123206,-0.732334,-0.631564,-0.254585,0.236427,0.969358,0.0666841,-0.670143,0.0133078,0.742113,0.546316,0.797117,0.257185,0.3969,0.0770428,-0.914623,-0.410838,-0.0141963,0.911598,-0.492724,-0.847782,-0.196185,-0.301349,-0.945924,-0.12007,0.359106,0.0057938,-0.933279,0.4282,0.887991,0.167679,-0.43179,0.0246984,0.901636,-0.170626,0.869771,0.463018,0.965134,0.0125979,0.261452,0.134271,-0.829182,-0.542612,0.978917,0.000602293,0.204257,-0.134231,0.827463,0.54524,-0.974763,-0.00599335,-0.223161,0.641294,-0.764123,0.069709,-0.621496,0.779089,-0.0822397,0.111024,0.0299907,-0.993365,-0.070547,0.0237722,0.997225,0.760244,-0.643554,0.0887016,-0.161528,-0.0494523,0.985628,-0.717886,0.691985,-0.0761383,0.205319,0.0987606,-0.973699,-0.0105401,-0.8835,0.468313,-0.999048,-0.00636755,0.0431635,-0.0616722,0.934483,-0.350626,0.998347,0.0177068,0.054687,-0.181491,0.320674,0.929639,-0.021444,-0.759245,0.650452,-0.999619,-0.0273158,-0.00386975,0.996229,0.0358149,0.0790276,0.05015,0.805641,-0.590278,0.982111,0.0215021,0.187071,0.188399,-0.277197,-0.942161,0.253675,0.144651,-0.956413,-0.977459,0.0234923,-0.209817,-0.978538,0.023159,-0.204759,0.683367,-0.616515,-0.391048,0.142951,0.309797,-0.939995,-0.982785,0.0639717,-0.173327,-0.191801,-0.0153882,0.981313,0.980606,0.0554734,0.187975],
    "uvs":[],